text,category,date,severity,value_weight,financial_impact,confidence,app_version,upvotes
"Content is tired, cliche, uncreative under AI slop. In the odd rare chance of a great movie, they have encrapified so severely that users will go months paying for an odd co-dependent expectation for another when they can just one time rent on Amazon or Itunes. Netflix is not the future, it is so 2015. If Netflix ceased to exist, half of users quickly find a lazy replacement, the other half, find a revelatory liberation.",Content & Features,2026-03,2.0,1.0,2.0,0.3287,9.58.0 build 5 63968,0
too much Indonesian nonsense horror movie.. gimme back the old netflix vibes,General App Feedback,2026-02,2.0,1.0,2.0,0.1585,9.52.1 build 11 63856,0
"The mobile app has almost become unusable, for some reason it mixes profile settings in terms of watch history and parental settings. Just bizzare for a company of this size. The quality of new content has decreased drastically over the past couple of years also. it's search functionality is wors than any other app I use. Shame.",Content & Features,2026-02,2.0,1.0,2.0,0.3238,9.53.0 build 8 63868,2
"Can you please fix this bug. The fast forward and pause button is always showing up and it take 8 seconds to disappear. I mean the playback button takes 8 seconds to disappear. Can you update the Netflix to have a setting for playback controls please, i will give you 5 star if you fix this problem. [Problem fixed] Thank you.",Video & Streaming Playback,2026-02,2.5,1.0,2.5,0.425,9.53.1 build 9 63884,14
Many series. All LGBTQ Used to promote,General App Feedback,2026-02,2.0,1.0,2.0,0.1898,9.51.0 build 6 63840,0
"There's no good shows/series or good movies, they should come up with better shows/series and movies, otherwise, Netflix is going down. Now there is always gay/lesbian content or only female main characters.",Content & Features,2026-02,2.0,1.0,2.0,0.3244,9.52.1 build 11 63856,23
I was unable to watch any of my shows or movies,Video & Streaming Playback,2026-02,2.0,1.0,2.0,0.3613,,0
I'm so tired of Netflix cancelling shows without finishing them.,Subscription & Billing,2026-01,2.0,1.0,2.0,0.3292,8.8.0 build 9 40070,0
"This app has become such a headache that I'm seriously considering canceling my subscription. When I watch live content, there are times when something comes up and I have to take a break, with the intention to come back and finish later. Once I do, rather than the app starting me from where I left off, it always starts the show from the beginning. If I try to skip to the place I left off, it still forces me to start from the beginning. There's other problems but not enough space to write them.",App Crash & Launch Failure,2026-01,2.0,1.0,2.0,0.3288,8.143.5 build 19 52400,0
"Fantastic service is great, but greed pushes the price up by the company.",Subscription & Billing,2026-01,2.0,1.0,2.0,0.3739,9.49.1 build 6 63792,0
"tbh it's kinda funny on how gen z people used the movie leo and other related movies for ai in 2025 and they put the words 67, mustard, chicken stars, and others. and the reason i started watching leo is because of the chicken stars lmao XD",General App Feedback,2026-01,2.0,1.0,2.0,0.0691,,0
telling me to upgrade to a different subscription to watch a show ive already seen on Netflix without it. what a greedy company. and its a Netflix brand show too.,Subscription & Billing,2026-01,2.0,1.0,2.0,0.4096,7.119.0 build 1 35583,0
if im paying for premium i should ve able to skip ads after the live show has ended. it's freakin ridiculous. The ads are way too long. if I wanted to watch ads I would go back to cable or satellite,Subscription & Billing,2026-01,2.0,1.0,2.0,0.4389,8.109.0 build 7 50647,0
"Horrible app, stop trying to push mobile games, no one is here for that. On top of that they it extremely difficult to browse and bury top 10 movies and shows at the bottom. Absolute garbage.",App Crash & Launch Failure,2026-01,3.5,1.0,3.5,0.356,9.48.0 build 5 63768,1
it's nice but when I entered a movie it said loading and I waited but nothing I waited again and again until I gave up,Video & Streaming Playback,2026-01,2.0,1.0,2.0,0.4046,9.47.0 build 2 63732,0
"It is possible that you are one of the best OTT platforms. You have a great collection of movies and shows, and yes, I agree with that. But for the past one month, I have been seeing the same movies and shows in my feed. The same 10–12 titles keep appearing again and again. I have even memorised their names now. Very few new titles are shown to me. How am I supposed to discover new content? In the Drama genre, I see the same titles. In Sci-Fi as well, the same titles appear everywhere. Where is",Content & Features,2026-01,2.0,1.0,2.0,0.3175,,0
Poor experience. Used to be able to share with family members from different household. Now cannot. No use in offering so many devices per subscription if all need to be in the same house.,Subscription & Billing,2026-01,2.5,1.0,2.5,0.3771,9.47.0 build 2 63732,0
just eat mony very very much wrong Netflix no body west money and time if u have money more then to much yallaha ok,General App Feedback,2026-01,2.0,1.0,2.0,0.2923,,0
I cancelled now that casting is no longer permitted. Time for cancel culture to kick in. Netflix is so arrogant to think we can't cancel them. The most unfriendly streaming app. Stop suggesting movies dubbed in English. I will not watch video when the lips don't match the words.,General App Feedback,2026-01,2.0,1.0,2.0,0.2632,9.47.0 build 2 63732,7
love being told I can't watch on my new tablet because I tried to log in on a different wifi. this bs control freakness is enough to cancel and never support this company again. IM PAYING YOU FOR ACCESS WHO ARE YOU TO TELL ME WHERE I CAN AND CANT WATCH WHAT IM PAYING FOR,Subscription & Billing,2026-01,2.0,1.0,2.0,0.3843,9.43.2 build 11 63680,0
"If you watch on Google pixel, you cannot control brightness through the app. There's a brightness slider, yes, but the brightness always remains at the same height. It overrides the phone brightness and extra dim settings as well, meaning that the app is constantly flash banging you with brightness while streaming. The only solution that many have found is to uninstall the app every time they make the mistake of touching the brightness slider in-app, as this resets it to phone brightness setting",General App Feedback,2026-01,2.0,1.0,2.0,0.197,9.47.0 build 2 63732,0
like it no boring but don't repeat again again old moves Hindi and English new moves,General App Feedback,2026-01,2.0,1.0,2.0,0.1239,9.47.0 build 2 63732,0
"netflix doesnt have what i need , wanted to watch free guy, and some other movies but freaking netflix u dont have it waste of money",General App Feedback,2026-01,2.0,1.0,2.0,0.2395,,0
why the they removed friends series,General App Feedback,2026-01,2.0,1.0,2.0,0.2841,9.47.0 build 2 63732,1
how could you remove hours worth of volume 2 >:[,General App Feedback,2026-01,2.0,1.0,2.0,0.2175,,0
if remove friends show I will unsubscribe netflix,Subscription & Billing,2026-01,2.0,1.0,2.0,0.3043,9.47.0 build 2 63732,0
All of a sudden my family cant use netflix unless they are within my home. Well this makes a mobile app kind of useless. if this isnt resolved I guess im canceling my netflix.,Video & Streaming Playback,2025-12,2.0,1.0,2.0,0.3199,9.47.0 build 2 63732,2
"Netflix has a really great collection of anime, and I truly enjoy watching it. Anime is becoming very popular in India, but Japanese is not a commonly understood language here. Many viewers prefer to watch anime in Hindi or English, and it becomes difficult to follow shows available only in Japanese. If possible, please consider adding Hindi or English voice options for Detective Conan. It would be greatly appreciated by anime fans in India.",General App Feedback,2025-12,2.0,1.0,2.0,0.1567,,0
I was using Netflix but there are many movies I search but not inside Netflix..,Content & Features,2025-12,2.0,1.0,2.0,0.3716,9.47.0 build 2 63732,0
can't play movie in smartphone. please fix,Video & Streaming Playback,2025-12,2.5,1.0,2.5,0.4602,9.47.0 build 2 63732,0
App is working but the cast icon is not showing on the Android phone. I tried the trouble shooting and they didn't help at all.,General App Feedback,2025-12,2.0,1.0,2.0,0.2948,9.47.0 build 2 63732,0
Cleopatra webseries Hindi dubbed me chaiye,General App Feedback,2025-12,2.0,1.0,2.0,0.1676,9.47.0 build 2 63732,0
give me my 2hrs worth of suffering back,General App Feedback,2025-12,2.0,1.0,2.0,0.2709,9.47.0 build 2 63732,0
"keep your ads, the only thing that doesn't lag and skip is the ads not a fan",Performance & Speed,2025-12,2.0,1.0,2.0,0.34,,0
advertisement is taking over and its getting closer to tv as the years go by. further more the advertisement is glitches to the point that after watching it the show plays but the screen doesn't. so all in all was good but now its just back to regular old tv that we pay for im sure there are free apps that do that right?,General App Feedback,2025-12,2.0,1.0,2.0,0.2896,,0
Remove the bugs from game and solve the non compatible problem for high end mobile user's,Bugs & Technical Errors,2025-12,2.0,1.0,2.0,0.4656,9.46.1 build 6 63728,0
i will watch Netflix but pls don't remove the friends series from Netflix we can't handle that sadness and loneliness 🥺,General App Feedback,2025-12,2.0,1.0,2.0,0.2453,9.42.0 build 8 63616,0
Cancels shows in order to make more profit with new ones. That gets frustrating after awhile. Expensive subscription considering how frustrating that is. Support is very unhelpful. Support email listed on Google Play goes to a noreply email address. First tier support from their site is unresponsive and unwilling to escalate when they don't know what the problem is.,Subscription & Billing,2025-12,2.0,1.0,2.0,0.5019,9.43.2 build 11 63680,10
"Doing absolutely everything they can to get me to cancel. Adding ""games"" to my video streaming app? Trash decision. Now messing with casting for a money grab? Another trash decision.",Subscription & Billing,2025-12,2.0,1.0,2.0,0.3618,9.44.0 build 5 63684,2
sucks like all they do is tryna sell you terrible tv shows.,General App Feedback,2025-12,3.5,1.0,3.5,0.2513,,0
"I have other many streaming platforms but netflix is my favourite because of its large number of contents and also for shows and movies that are only on Netflix ""Stranger Things"" is my favourite and example of shows only available on Netflix and it is easy to use and but the only problem is Netflix doesn't have shows like ""Game of thrones"" and ""prison break"" that are such a large shows globally and many shows are in their official language but not in another languages that makes easy to watch",General App Feedback,2025-11,2.0,1.0,2.0,0.2268,,0
while I do love netflix since I was 7. netflix has changed. and I do not like it. if it wasn't for stranger things or good shows on it I would put it at 1 star. the subscription stuff all seem to be burglary aswell.,General App Feedback,2025-11,2.0,1.0,2.0,0.2479,9.43.2 build 11 63680,0
"This app shows pending even after the payment is complete and I have not received the membership and there is no option for refund also, this is very frustrating.",Subscription & Billing,2025-11,3.5,1.0,3.5,0.5182,,0
I only use this to watch wwe and mostly on my phone. it constantly skips and constantly returns to the beginning of the programme. I end up wasting so much time trying to get it to play the right bit. and then i have to finish it on a TV. have complained and as usual. Big corporate business gives no care of the single customer. so as much as I love wwe. to hell with paying for this horrendous product anymore. I'll just watch highlights on YouTube. cancelled my subscription 👍👋 0 stars,Video & Streaming Playback,2025-11,2.0,1.0,2.0,0.4351,9.34.0 build 6 63420,7
Very high price and not worth the money.,General App Feedback,2025-11,2.0,1.0,2.0,0.2315,9.43.2 build 11 63680,0
would give 5 stars but u guys bring alot of movie very late I mean try bringing movie fast,General App Feedback,2025-11,2.0,1.0,2.0,0.232,9.42.0 build 8 63616,0
"Can no longer do picture in picture on my android (running android 16). My phone settings show it's on and allowed and the app info through my phone says it's on but it doesn't work. When I click to go to a different app real quick the Netflix screen just vanished. I'm updated to the last one available, no update showing, I've cleared cache and uninstalled and reinstalled. Still doesn't work.",App Crash & Launch Failure,2025-11,2.0,1.0,2.0,0.3269,9.43.2 build 11 63680,0
"I've been having language selection issues for a while now. The issue hasn't been resolved.After I fix it, it breaks again after a while.I want to view my profile in Turkish or English. But for a while automatically displayed in Arabic language",General App Feedback,2025-11,2.5,1.0,2.5,0.2199,9.42.0 build 8 63616,0
"every time I try to watch its stuck on ""loading...""",Video & Streaming Playback,2025-11,2.5,1.0,2.5,0.4925,9.42.0 build 8 63616,0
"it's an ok app for streaming movies, but most times, I cant watch anything cos whenever I click on a movie. All I get is a dark screen and nothing playing",Video & Streaming Playback,2025-11,2.0,1.0,2.0,0.5181,9.42.0 build 8 63616,0
"it's pointless to get this app for the phone! you can't even see anything the screen goes black, but you can hear everything!",General App Feedback,2025-11,2.4,1.0,2.4,0.2489,9.42.0 build 8 63616,0
it's not that bad but not that good cuz sum movie that I wanted to watch wasn't there so....,General App Feedback,2025-11,2.5,1.0,2.5,0.1478,9.40.0 build 7 63544,0
if you play games with Netflix and there is a problem with the game they will not fix it. this app is fine if you just want movies though.,Video & Streaming Playback,2025-11,2.5,1.0,2.5,0.3545,9.41.0 build 8 63576,0
useless netflix I already paid for my membership but it shows payment pending and asks me to pay again,Subscription & Billing,2025-11,3.5,1.0,3.5,0.5818,9.40.0 build 7 63544,0
"was about to restart my plan.. saw the price.. hell no, ill restart cruchyroll",General App Feedback,2025-11,2.0,1.0,2.0,0.2999,9.35.0 build 1 63444,1
"If I am paying for 4 devices, I should be allowed to watch on 4 devices, incl. my office and my cabin. Change ""Household"" to number of devices",General App Feedback,2025-11,2.0,1.0,2.0,0.2489,9.39.1 build 7 63532,0
"HINDI NYO NABA MARERESOLVE YUNG PROBLEM NA LAGING LUMALABAS NA ""THERE IS A PROBLEM PLAYING A VIDEO PLEASE AGAIN LATER"" ILANG MONTHS NA YAN AHH TANGA BA MGA I.T DEVELOPERS NYO? O NAG TITIPID LANG KAYO DAHIL AYAW NYONG GUMASTOS PARA MAAYOS TONG ISSUE NA TO?",Video & Streaming Playback,2025-10,2.5,1.0,2.5,0.4828,9.37.0 build 7 63508,0
"Well since you took away the option for our family to share Netflix because your shareholders are greedy disgusting pigs, I'll absolutely never patronize your overpriced streaming service again. It always has been and will always be a waste of money.",Subscription & Billing,2025-10,3.5,1.0,3.5,0.3543,8.49.0 build 16 50315,0
"Subscription cost is high. But, somewhat worth the penny.",Subscription & Billing,2025-10,2.0,1.0,2.0,0.5839,,0
downloaded stuff to watch on the plane. less than twelve hours later the app had signed me out while i was in the air.,Download & Offline,2025-10,2.0,1.0,2.0,0.32,9.39.1 build 7 63532,0
and very limited movies,General App Feedback,2025-10,2.0,1.0,2.0,0.2489,8.142.1 build 13 51334,0
Smart download is not working properly. The next 2-3 episodes should be downloaded before finishing the current episode but now it starts to download the next episode when it gets started watching.,Download & Offline,2025-10,2.0,1.0,2.0,0.4274,9.39.1 build 7 63532,0
Don't watch Netflix at all,General App Feedback,2025-10,2.0,1.0,2.0,0.2426,9.39.1 build 7 63532,0
"always auto pauses while watching a movie, charging heavy fees yet unable to watch in peace",Video & Streaming Playback,2025-10,2.0,1.0,2.0,0.5075,9.39.1 build 7 63532,0
Tons of good shows and movies to watch. The app runs smoothly even with slower internet.,Performance & Speed,2025-10,2.0,1.0,2.0,0.3723,,0
Netflix gets crashed every time I watch a series or movie. Error code 5.1 . support team please help and fix the issue,Video & Streaming Playback,2025-10,2.5,1.0,2.5,0.3924,9.38.0 build 5 63520,0
after downloading movies the movies will not play talkless of showing and i subscribed to the Netflix i didn't know why it's like that,Video & Streaming Playback,2025-10,2.0,1.0,2.0,0.4832,,0
"Facing issues with video streaming.It has occurred multiple times, video never loads even after downloading.Tried clearing cache , reinstalled, even updated phone software.",Video & Streaming Playback,2025-10,2.0,1.0,2.0,0.6542,9.37.0 build 7 63508,0
Good app for the most part. A sleep timer would be very handy for people who use Netflix for sleep. After a movie ends the app plays 3 trailers on repeat until your battery is flat or until you wake to turn it off,General App Feedback,2025-10,2.0,1.0,2.0,0.209,8.136.0 build 3 50908,0
"The app has kids shows that exploit LGBT content to kids, unacceptable",General App Feedback,2025-10,2.0,1.0,2.0,0.2506,8.92.0 build 8 50533,0
"Subscription has now gone to $29 aud a month, it's not worth it. It's just become a greed game for netflix and I'll be cancelling my Subscription. It shocks me how after many years people have been paying what I think was worth it, now they're just greedy and don't care about their customers. I don't see why we should be making people rich when we're already struggling and they couldn't care less about us. It's a shame. See ya Netflix, thanks for the not so much good experience.",Subscription & Billing,2025-10,2.0,1.0,2.0,0.5062,8.140.1 build 14 51170,0
Love Is Blind France Reunion doesn't have English dubbing... All other episodes do.,General App Feedback,2025-10,2.0,1.0,2.0,0.2023,9.36.0 build 7 63488,0
not appropriate content bad tv shows that influence our children and community,General App Feedback,2025-10,2.5,1.0,2.5,0.2469,9.19.2 build 8 62796,0
"Doesn't work over VPN, which makes this a DANGEROUS app to use when connected to shared internet. No other streaming service has this security vulnerability in 2025. Additionally, it now contains adverts. Commercial breaks are totally unacceptable in paid subscriptions. If they want to force ads into the content, subscription should be free.",Subscription & Billing,2025-10,2.0,1.0,2.0,0.3751,9.36.0 build 7 63488,0
"Went from a good convenience app to an buggy, expensive propaganda machine",General App Feedback,2025-10,2.0,1.0,2.0,0.2622,9.36.0 build 7 63488,0
"absolutely hate the new UI forced on my phone and on my Roku!!! on my phone I lost everything, my que, my downloads. on my Roku is absolutely horrible, busy, convoluted, disarranged so finally I ended up watching YouTube! hey maybe this is the way to go as Netflix doesn't really have much to offer except hiking prices quite often!",General App Feedback,2025-09,3.1,1.0,3.1,0.2858,8.52.1 build 12 50332,0
he netflix your app is facing some issue regarding payment because I pay for subscription your app is very difficult not bad I just saying so please solve my problem,Subscription & Billing,2025-09,2.5,1.0,2.5,0.4901,8.93.1 build 4 50540,0
cannot play movie or video,Video & Streaming Playback,2025-09,2.0,1.0,2.0,0.5861,9.35.0 build 1 63444,0
I only use this to watch wwe and mostly on my phone. it constantly skips and constantly returns to the beginning of the programme. I end up wasting so much time trying to get it to play the right bit. and then i have to finish it on a TV. have complained and as usual. Big corporate business gives no care of the single customer. so as much as I love wwe. to hell with paying for this horrendous product anymore. I'll just watch highlights on YouTube.,Video & Streaming Playback,2025-09,2.0,1.0,2.0,0.45,9.34.0 build 6 63420,0
what is wrong with NETFLIX? I have a subscription. I pay Ever Month. But I am Unable to Even Open the App. It keeps on loading and nothing More. It's been Weeks since I am facing this. NETFLIX need to PAY us BACK.,Subscription & Billing,2025-09,2.0,1.0,2.0,0.4087,,0
"can't fullscreen in 'old' Samsung Dex, app gets stuck on windowed vertical",App Crash & Launch Failure,2025-09,2.5,1.0,2.5,0.4807,9.32.0 build 8 63348,0
"Doesn't sync with the progress made on tv. plays 1:15min long ads as you try to get to where you left off. This is an evil, leech of a company. They restrict how many devices you can view the content you're paying for on, and now they don't even let you CAST on other devices when you try to maintain the integrity of their rules. I am traveling and I can't even cast my account that I pay for on another TV because of the plan tier I am on. Disgusting.",Video & Streaming Playback,2025-09,2.0,1.0,2.0,0.3587,9.33.1 build 3 63388,0
"they charge you even if you cancel. i tried on multiple occasions from my multiple devices to cancel, and even though the message confirms the cancellation, I get charged the next due date. basically, you can never get out!! plus, the offer of movie / series is mostly 5-6 * rating at imdb.",Subscription & Billing,2025-09,3.9,1.0,3.9,0.4194,9.32.0 build 8 63348,1
It doesn't have Hindi dubbing for all shows. There is just 1% hindi dubbing. So it is hard to understand the content even in the era of AI dubbing.,General App Feedback,2025-09,2.0,1.0,2.0,0.1824,,0
stop lagging i get kicked off every time I go on needs to fix bugs please other than that I would also recommend brining movies that people like more and leaving them or have a vote for some movies to stay longer or get more variety thankyou,Video & Streaming Playback,2025-09,2.5,1.0,2.5,0.4606,,0
it's ok at first but due to being a ratings funded business a lot of good shows get cancelled before they even get a chance. People like to see if something is going to have enough seasons to make it worth their while. Why get invested in a story only for it to be cut off before it's concluded. Still better than most streaming apps out there.,General App Feedback,2025-09,2.0,1.0,2.0,0.1852,9.33.1 build 3 63388,0
"I tried to enter Netflix by signing. Then, I realized that it wouldn't use the password I had. I checked my passwords to see if I was doing it wrong but I was doing everything correct. Very hard to use. But honestly, this app is GREAT! I was originally trying to watch The Amazing Digital Circus.",Account & Login,2025-09,2.2,1.0,2.2,0.3731,9.34.0 build 6 63420,0
you know I have been a Netflix guy since they when they started mailing years ago only company that don't have specials for subscription sure ain't paying 30 and think I am almost done with them,Subscription & Billing,2025-09,2.0,1.0,2.0,0.4792,9.33.1 build 3 63388,0
Would be more if I could see more than 4 shows at a time,General App Feedback,2025-09,2.0,1.0,2.0,0.1326,8.17.0 build 6 40147,0
"I been a customer for a while now and tbh it should been cool, if Netflix can add sports or other new stuff. we pay so much for the same thin every month not cool, but my kid like watching shrek.",Subscription & Billing,2025-09,2.0,1.0,2.0,0.3143,9.32.0 build 8 63348,0
lagging more than any other app I downloaded,Performance & Speed,2025-09,2.0,1.0,2.0,0.7522,9.32.0 build 8 63348,0
worst experience and ever. i tried creating a new account and they are asking to purchase a subscription then will only proceed. means netflix will not let you use the account without subscription. worst app ever. waste of money.,Subscription & Billing,2025-09,3.5,1.0,3.5,0.4493,9.33.1 build 3 63388,0
only subscription maganta ahr,Subscription & Billing,2025-09,2.0,1.0,2.0,0.3762,9.9.1 build 9 62416,0
"I live in an Asian country and Netflix doesn't give me audio in English or French for all series, even when I know they do exist. Idiotic. When using a Chromecast, the app keeps using 5.1 audio when I actually don't have such a system. I have to change it back to stereo every time a new episode loads. Extremely annoying. Also, I need to click my profile every time I open my app. We can't select a default profile. It seems Netflix doesn't have a UX/UI team! We need more quality-of-life features!",Video & Streaming Playback,2025-09,2.4,1.0,2.4,0.3413,9.32.0 build 8 63348,44
"I love Netflix but I wonder please enlighten me, why is BON APPETIT YOUR MAJESTY is not on your app anymore? I have search high and low and it was supposed to have new episode this Sunday September 07, 2025 but there's none on your list...please return it",Content & Features,2025-09,2.0,1.0,2.0,0.3638,9.29.0 build 8 63220,0
very bad. it needs payment to sign up when I don't even have enough money,Subscription & Billing,2025-09,2.0,1.0,2.0,0.35,9.29.0 build 8 63220,0
the app is messed up it is not showing all the shows that it has and I use the same account for my TV and phone but my TV has shows my phone doesn't fix this fast please,App Crash & Launch Failure,2025-09,2.5,1.0,2.5,0.343,9.32.0 build 8 63348,0
"it obvious that this app is top notch, just that there aren't enough latest movies. there was a time a movie was uploaded as latest whereas have watched the movie years back.... Please make an amendments to that....PEACE OUT✌️❤️",Content & Features,2025-09,2.0,1.0,2.0,0.3232,9.32.0 build 8 63348,0
I'm using the brand new Honor Magic V5. The app keeps showing error or crashing. please fix or I may decide to unsubscribe,App Crash & Launch Failure,2025-09,2.5,1.0,2.5,0.4721,8.55.1 build 8 50347,0
there is no kannada movies on Netflix,General App Feedback,2025-09,2.0,1.0,2.0,0.2642,9.31.0 build 5 63292,0
expensive subscription please 1080 yearly plan,Subscription & Billing,2025-09,2.0,1.0,2.0,0.5656,,0
please my money back because Netflix is not open,Subscription & Billing,2025-06,2.0,1.0,2.0,0.3842,,1
"PROBLEM WITH THE CONNECTION. I have no problem connecting with all my other apps. My wifi is pretty stable and fast. I can search, play, watch without any delay. I've done everything (Restarted phone, cleared cache and data, uninstalled and reinstalled, reset wifi router.) The Netflix app is the problem.",Performance & Speed,2025-06,2.0,1.0,2.0,0.4883,,0
"Nothing good available in English, mostly Korean or teenage romance and sex content, very disappointed. The watch list should be at the top and not bottom.",Content & Features,2025-06,2.0,1.0,2.0,0.3316,9.19.2 build 8 62796,1
"why cant i play video while on a call? i can do it before, but now it is not possible. my husband and i cannot do a call while i watch a video and it a hassle for me who likes to multitask on things and at the same time not interfere with my leisure time ( watching movie)",Video & Streaming Playback,2025-06,2.0,1.0,2.0,0.445,,0
Most of the English movies on Imdb is not available on Netflix.,Content & Features,2025-06,2.0,1.0,2.0,0.3338,,0
I hate the last update. Is a copy on others apps max for example. Not easy to search the movies or series.,Content & Features,2025-06,2.5,1.0,2.5,0.3604,9.9.1 build 9 62416,0
the interface changes way to often. the interface designers constantly make it worse to navigate. more difficult to see shows that are of interest and constant loads the suggestions with things I'm not interested in. as a company they seem one fiscal quarter away from beginning to show advertisements. I didn't care about Netflix games but I can't remove the many lines of suggestions for them. Netflix is no longer providing for customers at the price point my subscription affords me.,General App Feedback,2025-06,2.0,1.0,2.0,0.2858,9.19.2 build 8 62796,0
very uncomfortable app with high price premium,Subscription & Billing,2025-06,2.0,1.0,2.0,0.4306,,0
"For such a big company with billions in annual revenues, I would have expected a better app. AI recommendations are usually not very good. I wish I could disable in-app games or whole categories of films and series that do not interest me (e.g. horror). It feels like we are force-fed unwanted content, which does not make for a very positive user experience.",Content & Features,2025-06,2.0,1.0,2.0,0.3175,9.18.2 build 10 62780,0
dear netflix this is my humble request to you please respect indian viewers who like to watch international shows in hindi. you are continuously removing hindi audio from all korean & chinese shows why??? please add on them hindi audio.. otherwise I'll never take it's subscription 😡😡 if you don't want to loose your customers due to language problem so please add it okay,Video & Streaming Playback,2025-06,2.0,1.0,2.0,0.3122,9.17.1 build 4 62728,0
these two days app in mobile keep crash..,App Crash & Launch Failure,2025-06,2.0,1.0,2.0,0.6006,9.17.1 build 4 62728,0
Movies getting older n older. More expensive compare to Disney to subscribed,General App Feedback,2025-05,2.0,1.0,2.0,0.267,8.126.0 build 9 50771,0
"Please add more Vietnamese subtitles. With today's advancements in AI, I don't see why Netflix can't figure out how to put subtitles on their movies.",General App Feedback,2025-05,2.0,1.0,2.0,0.2399,9.17.1 build 4 62728,0
Love everything about the app. The only thing I hate is auto renewal of subscription. Imagine if I die in an accident tomorrow. Netflix will still be charging me until I exhaust my balance. Pausing a subscription every month makes no sense. It's best if they introduce some annual or pre-paid plans. A gift card would be good too.,Subscription & Billing,2025-05,2.5,1.0,2.5,0.4502,9.16.0 build 6 62648,0
"won't play anything on my phone for more than 2 seconds, then the video freezes with the auto continuing. tried reinstalling the app, restarting my phone, nothing will make it work.",Video & Streaming Playback,2025-05,2.0,1.0,2.0,0.5871,9.16.0 build 6 62648,0
"hi, i can not open netflix on my samsung phone, previously can. only show word NETFLIX than nothing happen. is that something wrong with the app? thanks",App Crash & Launch Failure,2025-05,2.0,1.0,2.0,0.3331,8.59.1 build 12 50370,0
movies are really sucking and price and rules getting ridiculous. I won't pay for it if my mom didn't want it. gone,General App Feedback,2025-05,2.0,1.0,2.0,0.2717,8.58.0 build 8 50362,0
It is the best platform for movies but its subscription is very costly,Video & Streaming Playback,2025-05,2.0,1.0,2.0,0.3377,,0
Netflix mobile needs picture-in-picture so that I can watch Netflix while doing other stuff on my phone. It's really the only downside.,General App Feedback,2025-05,2.0,1.0,2.0,0.2621,9.16.0 build 6 62648,8
"I want you to do a kindness and release Ben 10 Alien Force and Ben 10 Ultimate Alien series on Netflix, I request you please 👏",General App Feedback,2025-05,2.0,1.0,2.0,0.1659,9.16.0 build 6 62648,0
"I can't wait until Netflix to be a thing of the past, replaced by something better All the commercials, the reloading, having to unplug the TV to get it working again....Videotapes and DVDs it is",Video & Streaming Playback,2025-05,2.0,1.0,2.0,0.384,,1
netfilx is not cheapest one correct. வேறு very less amount of tamil audio movies and series. and all the vedios are slow moving but hearing voice is normal. how to manage this. waste of time and money,General App Feedback,2025-05,2.5,1.0,2.5,0.2434,,0
"Unable to stream with my family, too expensive for the poor selection it has.",Video & Streaming Playback,2025-05,2.5,1.0,2.5,0.4652,,0
Netflix You have 2 weeks to add the rest of the Naruto seriesi'm coming for you and doing it myself.,General App Feedback,2025-05,2.0,1.0,2.0,0.142,9.15.1 build 11 62624,0
to many Todo before you can sign in and watch it's not my recommend,General App Feedback,2025-05,2.0,1.0,2.0,0.2391,,0
"Devices on our home Wi-Fi keep getting signed out. We have to request temporary access every 14 days. Customer service told me to watch 5-10 seconds of a show before leaving the house and connecting to another Wi-Fi. So now everyone in our house has to watch a show quickly before we leave the house, or I have to deal with passing out individual access codes to everyone in the house every couple of weeks. I'm not sure the service is worth the hassle.",General App Feedback,2025-05,2.0,1.0,2.0,0.2438,9.15.1 build 11 62624,0
"volume for dialogs in the movie is low it seems very difficult, they should introduce some dialog boost feature like in prime video",General App Feedback,2025-05,2.0,1.0,2.0,0.2327,8.132.2 build 18 50846,0
Netflix is amazing but unfortunately there are limited movies which fit my age but still it's amazing,General App Feedback,2025-05,2.0,1.0,2.0,0.2135,9.14.0 build 9 62572,0
Bad app 1. Selection based on region. Horrible. 2. Incomplete episodes. 3. Misarranged episodes 4. Spoiling movies without following original source.. Will unsubscribe if issues 1&2 not settled accordingly by end of May 2025,General App Feedback,2025-05,2.5,1.0,2.5,0.2831,9.13.0 build 5 62532,0
"I pay for the most expensive subscription plan, yet still my main screen is covered in game ads, unbearable! The app is becoming worse and worse with each updates, so I think I'm downgrading my sub.plan. If it keeps going on like this, I might end up cancelling my subscription after 10 years...",Subscription & Billing,2025-05,2.2,1.0,2.2,0.5646,,0
so good....best application for wacth movie and drama,General App Feedback,2025-05,2.0,1.0,2.0,0.1863,9.14.0 build 9 62572,0
can I watch Netflix on what's app,General App Feedback,2025-05,2.0,1.0,2.0,0.2379,9.14.0 build 9 62572,0
"bhai sab badhia h par agar india me chije upload kar rhe ho atleast hindi me daala kro, indonesian movie daalte ho aur language bhi indonesian , ab kya language dikhne jaye , subscription ka charge lere ho atleast english me toh release krwaya karo otherwise remove it other languages",General App Feedback,2025-05,2.0,1.0,2.0,0.1882,9.13.0 build 5 62532,0
"what's happening with Netflix app? I am not able to login to Netflix, my subscription is still active",Account & Login,2025-05,2.0,1.0,2.0,0.4371,9.14.0 build 9 62572,0
"The movies you put are sucks, give a movie with a rating of 7 to 10 not 0 to 4!!!",General App Feedback,2025-05,2.6,1.0,2.6,0.2313,,0
in my mobile every single time I open it's seems to be loading loading and loading... too much unsatisfied with the way Netflix is handling it's software.,Video & Streaming Playback,2025-05,2.0,1.0,2.0,0.3832,9.13.0 build 5 62532,0
i had purchased the subscription cuz I thought netflix have superior server quality.. but opposite to that more than half the duration of my subscription it just keeps loading the series and shows unable to play video.. some pirated apps have better server quality than netflix,Video & Streaming Playback,2025-05,2.0,1.0,2.0,0.4265,9.13.0 build 5 62532,0
please make an oautomatic skip intro outro button instead of the tiring upper right skip button that you need to press every episode. netflix is for lazy people so make it more easier for us and lets avoid too much hand gymnastics,General App Feedback,2025-05,2.0,1.0,2.0,0.2066,9.13.0 build 5 62532,0
back to slow motion. fix your app,Performance & Speed,2025-05,2.5,1.0,2.5,0.536,9.13.0 build 5 62532,0
"Disappointed in Netflix, they do not update their seasons on Marco pillow and others. Leaving you not wanting to watch any of their season episodes. If I could find Marco Polo on another's dream. I would definitely watch It there disappointed in Netflix. Netflix needs to update their movies. The only CA movie once every 2 to 3 months. That's any good, don't know if I'll keep my account disappointed not worth the money I pay.",General App Feedback,2025-04,2.0,1.0,2.0,0.196,9.11.1 build 10 62492,1
Not sure why someone thought is was a good idea to show which buttons are pressed when putting in the profile pin.,UI & Navigation,2025-04,2.0,1.0,2.0,0.3015,9.12.0 build 5 62504,0
can't change your due date. have to cancel and start again. WTH. program your computer so this is easier.,Subscription & Billing,2025-04,2.0,1.0,2.0,0.3026,9.12.0 build 5 62504,0
why is the offline freshly downloaded movies just won't play?,Download & Offline,2025-04,2.0,1.0,2.0,0.6117,9.13.0 build 5 62532,0
this stupid app takes money out of accounts without consent and if you ask for a refund they keep you for long before giving you a refund,Subscription & Billing,2025-04,3.5,1.0,3.5,0.4653,9.11.1 build 10 62492,0
too hard to log in very slow in updating log in and username waste of time and money,Account & Login,2025-04,2.5,1.0,2.5,0.4658,9.12.0 build 5 62504,0
It's genuinely better to pirate shows with the obvious lack of quality here,Video & Streaming Playback,2025-04,2.0,1.0,2.0,0.3427,9.12.0 build 5 62504,0
bilkul bhi nhi accha h sochi thi kdrama hindi mein milege lkin jo drama dusre app hindi mein h ismein h hi nhi aur dusre app pr isse zyda drama hindi mein h waste of money h,General App Feedback,2025-04,2.0,1.0,2.0,0.1423,,0
App perfect but payment method sometimes help we those from Africa and sometimes struggle to pay for subscription,Subscription & Billing,2025-04,2.0,1.0,2.0,0.5587,,0
The downloaded shows get expired for no reason. Waste of money,Download & Offline,2025-04,2.0,1.0,2.0,0.4359,9.11.1 build 10 62492,0
"Earlier your contents had some standard and now you are losing your standard by adding substandard indian shows like Kapil Sharma show, CID, Crime petrol etc. Please improve your standard.",General App Feedback,2025-04,2.0,1.0,2.0,0.2536,9.11.1 build 10 62492,0
Best App out there for binge watching video although u have to pay for a membership but trust me when i say its totally worth it,General App Feedback,2025-04,2.0,1.0,2.0,0.2961,8.67.1 build 11 50414,0
"price increasing, but netflix always late in air the shows.",Subscription & Billing,2025-04,2.0,1.0,2.0,0.3157,9.10.0 build 10 62444,0
"I was happy with the price of my standard without ads plan, customer for many years. you've switched me to adverts or pay 50% more to get rid. I wanted to remain loyal but this is beyond a joke. I maybe watch 15 mins a day of it during my lunch break now 1/3 of that is ruined by adverts another customer gone go and check the definition of customer loyalty and check Disney+ customer figures dropping after they got greedy",Subscription & Billing,2025-04,2.0,1.0,2.0,0.3822,,0
"I hope your advertisers realise by making your customers watch adverts on the one platform that used to be distinguished by ad free entertainment, the viewers will hate that company and certainly from my view avoid buying their products as a result. I think I will cancel my subscription soon...",Subscription & Billing,2025-04,2.5,1.0,2.5,0.4829,9.10.0 build 10 62444,0
"Installed on my Galaxy Tab A8 10.5 tablet, but it won't load😏. With each try, it shows the ""lets get started"" page and immediately closes. Message follows saying, ""Netflix is being updated"" try again later. Hint taken😏",App Crash & Launch Failure,2025-04,2.0,1.0,2.0,0.3994,9.10.0 build 10 62444,0
Absolutely hate the new household update. Cant vhip in with friends. To expensive and not worth it to buy it solo. Never watching netlfix again,General App Feedback,2025-04,2.5,1.0,2.5,0.2883,,0
"#Glich city Honestly, I don't even know where to begin with how frustrating this app has become. What was once a smooth and enjoyable way to watch movies and shows has devolved into a technical nightmare. The sheer number of glitches I encounter on a daily basis is astounding.",Video & Streaming Playback,2025-04,2.0,1.0,2.0,0.3963,9.10.0 build 10 62444,0
"I can't watch in hd even though i have a premium account, just because my phone is vivo y15a. I hope netflix could include vivo y15a in the devices that could watch hd, thanks.",Video & Streaming Playback,2025-04,2.0,1.0,2.0,0.324,9.10.0 build 10 62444,0
No New movies is uploaded,Content & Features,2025-04,2.0,1.0,2.0,0.4158,7.71.0 build 9 35074,0
Is there something wrong with Netflix? I got forced out of my account and required to renew subscription. It is not time for my subscription renewal yet.,Subscription & Billing,2025-04,2.0,1.0,2.0,0.4454,9.9.1 build 9 62416,0
I couldn't login to my account on the web browser to change the plan I tried so many times by changing email and password but not use...it says it couldn't find my account and also I can't connect to the customer support. Moreover the plan change option in the app is very easy to access while every time login to the web is annoying so all in one place it could be better.,Account & Login,2025-04,2.5,1.0,2.5,0.486,9.9.1 build 9 62416,0
"I'm not even traveling and it won't even let me watch MY NETFLIX on MY OWN DEVICE, says its not apart of the household when it literally is. I hate that you guys added this, its horrible. HORRID. NOW I CANT WARVH ON MY OWN DEVICE, ITS BS.",General App Feedback,2025-04,2.5,1.0,2.5,0.271,8.52.2 build 14 50335,0
"I got logged out. No help was ever given even when I reached out. I got logged out, and each time I try to log in, it says my login details are wrong. Fed up with this app. Planning to delete Netflix and use different streaming services.",Account & Login,2025-04,2.0,1.0,2.0,0.4741,9.0.0 build 4 62028,0
bad experience old movies not available,Content & Features,2025-04,2.5,1.0,2.5,0.3507,9.5.1 build 6 62240,0
"i can't open the app because of an error on alipay, I tried to refresh it many times but still not working. fix this problem rhank you",App Crash & Launch Failure,2025-03,2.5,1.0,2.5,0.5571,9.8.2 build 6 62380,0
